state,state_name,year,unrate
CA,California,2005,5.4
CA,California,2006,4.9
CA,California,2007,5.3
CA,California,2008,7.3
CA,California,2009,11.5
CA,California,2010,12.3
CA,California,2011,11.7
CA,California,2012,10.4
CA,California,2013,9.0
CA,California,2014,7.6
CA,California,2015,6.2
CA,California,2016,5.5
CA,California,2017,4.8
CA,California,2018,4.3
CA,California,2019,4.1
CA,California,2020,10.2
CA,California,2021,7.4
CA,California,2022,4.3
CA,California,2023,4.7
CA,California,2024,5.3
CA,California,2025,5.5
FL,Florida,2005,3.7
FL,Florida,2006,3.3
FL,Florida,2007,4.0
FL,Florida,2008,6.3
FL,Florida,2009,10.2
FL,Florida,2010,11.3
FL,Florida,2011,10.2
FL,Florida,2012,8.7
FL,Florida,2013,7.5
FL,Florida,2014,6.4
FL,Florida,2015,5.5
FL,Florida,2016,4.9
FL,Florida,2017,4.3
FL,Florida,2018,3.6
FL,Florida,2019,3.2
FL,Florida,2020,8.1
FL,Florida,2021,4.7
FL,Florida,2022,3.0
FL,Florida,2023,2.9
FL,Florida,2024,3.4
FL,Florida,2025,3.9
MI,Michigan,2005,6.8
MI,Michigan,2006,6.9
MI,Michigan,2007,7.1
MI,Michigan,2008,8.2
MI,Michigan,2009,13.5
MI,Michigan,2010,12.7
MI,Michigan,2011,10.1
MI,Michigan,2012,9.1
MI,Michigan,2013,8.7
MI,Michigan,2014,7.2
MI,Michigan,2015,5.4
MI,Michigan,2016,5.0
MI,Michigan,2017,4.6
MI,Michigan,2018,4.2
MI,Michigan,2019,4.1
MI,Michigan,2020,10.1
MI,Michigan,2021,5.7
MI,Michigan,2022,4.2
MI,Michigan,2023,3.9
MI,Michigan,2024,4.7
MI,Michigan,2025,5.1
NV,Nevada,2005,4.2
NV,Nevada,2006,4.2
NV,Nevada,2007,4.8
NV,Nevada,2008,6.9
NV,Nevada,2009,11.1
NV,Nevada,2010,13.3
NV,Nevada,2011,13.0
NV,Nevada,2012,11.5
NV,Nevada,2013,10.0
NV,Nevada,2014,8.2
NV,Nevada,2015,6.9
NV,Nevada,2016,5.8
NV,Nevada,2017,5.0
NV,Nevada,2018,4.4
NV,Nevada,2019,4.1
NV,Nevada,2020,13.7
NV,Nevada,2021,6.8
NV,Nevada,2022,5.2
NV,Nevada,2023,5.1
NV,Nevada,2024,5.4
NV,Nevada,2025,5.3
NY,New York,2005,4.9
NY,New York,2006,4.5
NY,New York,2007,4.4
NY,New York,2008,5.4
NY,New York,2009,8.4
NY,New York,2010,8.7
NY,New York,2011,8.4
NY,New York,2012,8.7
NY,New York,2013,7.8
NY,New York,2014,6.3
NY,New York,2015,5.2
NY,New York,2016,4.9
NY,New York,2017,4.6
NY,New York,2018,4.1
NY,New York,2019,3.9
NY,New York,2020,9.9
NY,New York,2021,7.1
NY,New York,2022,4.3
NY,New York,2023,4.0
NY,New York,2024,4.2
NY,New York,2025,4.3
TX,Texas,2005,5.5
TX,Texas,2006,5.0
TX,Texas,2007,4.3
TX,Texas,2008,4.9
TX,Texas,2009,7.6
TX,Texas,2010,8.3
TX,Texas,2011,8.0
TX,Texas,2012,6.7
TX,Texas,2013,6.3
TX,Texas,2014,5.2
TX,Texas,2015,4.5
TX,Texas,2016,4.7
TX,Texas,2017,4.4
TX,Texas,2018,3.9
TX,Texas,2019,3.5
TX,Texas,2020,7.7
TX,Texas,2021,5.6
TX,Texas,2022,3.9
TX,Texas,2023,4.0
TX,Texas,2024,4.1
TX,Texas,2025,4.2
